system,technique,num_logs,time_s,PR_time,IN_time,S_time,states,transitions
CoreSync,PRINS-w4,1418,675.434,0.013,621.096,54.325,22683,23965
CoreSync,PRINS-w4,1418,672.042,0.013,621.130,50.899,22683,23965
CoreSync,PRINS-w4,1418,606.946,0.010,564.482,42.453,22683,23965
CoreSync,PRINS-w4,1418,692.401,0.013,643.154,49.234,22683,23965
CoreSync,PRINS-w4,1418,693.262,0.014,638.191,55.057,22683,23965
CoreSync,PRINS-w4,1418,729.812,0.014,651.036,78.762,22683,23965
CoreSync,PRINS-w4,1418,623.514,0.013,580.732,42.769,22683,23965
CoreSync,PRINS-w4,1418,671.282,0.013,614.233,57.035,22683,23965
CoreSync,PRINS-w4,1418,716.718,0.014,667.326,49.378,22683,23965
CoreSync,PRINS-w4,1418,611.173,0.010,569.143,42.020,22683,23965
CoreSync,PRINS-w3,1418,671.225,0.014,613.957,57.254,22683,23965
CoreSync,PRINS-w3,1418,662.230,0.012,609.471,52.747,22683,23965
CoreSync,PRINS-w3,1418,620.881,0.012,577.710,43.159,22683,23965
CoreSync,PRINS-w3,1418,697.071,0.012,644.846,52.213,22683,23965
CoreSync,PRINS-w3,1418,714.994,0.014,658.952,56.028,22683,23965
CoreSync,PRINS-w3,1418,738.730,0.017,665.959,72.755,22683,23965
CoreSync,PRINS-w3,1418,620.314,0.011,575.402,44.902,22683,23965
CoreSync,PRINS-w3,1418,672.665,0.013,611.710,60.942,22683,23965
CoreSync,PRINS-w3,1418,698.908,0.014,637.414,61.480,22683,23965
CoreSync,PRINS-w3,1418,607.754,0.011,565.422,42.320,22683,23965
CoreSync,PRINS-w2,1418,686.060,0.015,632.130,53.914,22683,23965
CoreSync,PRINS-w2,1418,676.673,0.013,623.601,53.059,22683,23965
CoreSync,PRINS-w2,1418,617.429,0.011,574.500,42.918,22683,23965
CoreSync,PRINS-w2,1418,701.310,0.013,650.957,50.340,22683,23965
CoreSync,PRINS-w2,1418,705.320,0.018,648.429,56.873,22683,23965
CoreSync,PRINS-w2,1418,713.080,0.020,639.868,73.192,22683,23965
CoreSync,PRINS-w2,1418,641.359,0.012,594.315,47.033,22683,23965
CoreSync,PRINS-w2,1418,677.565,0.013,619.012,58.540,22683,23965
CoreSync,PRINS-w2,1418,714.271,0.014,654.126,60.131,22683,23965
CoreSync,PRINS-w2,1418,618.667,0.013,576.282,42.372,22683,23965
CoreSync,PRINS-w1,1418,990.737,0.013,937.744,52.980,22683,23965
CoreSync,PRINS-w1,1418,973.425,0.013,921.699,51.713,22683,23965
CoreSync,PRINS-w1,1418,897.941,0.012,854.761,43.168,22683,23965
CoreSync,PRINS-w1,1418,1034.313,0.013,982.039,52.261,22683,23965
CoreSync,PRINS-w1,1418,1010.583,0.016,955.029,55.538,22683,23965
CoreSync,PRINS-w1,1418,1113.635,0.020,1040.721,72.894,22683,23965
CoreSync,PRINS-w1,1418,913.937,0.011,871.276,42.650,22683,23965
CoreSync,PRINS-w1,1418,990.204,0.014,937.816,52.374,22683,23965
CoreSync,PRINS-w1,1418,1043.468,0.014,986.016,57.438,22683,23965
CoreSync,PRINS-w1,1418,902.238,0.012,859.785,42.440,22683,23965
CoreSync,MINT-SYS,1418,8371.128,,,,3876,4318
CoreSync,MINT-SYS,1418,7229.056,,,,3876,4318
CoreSync,MINT-SYS,1418,6498.139,,,,3876,4318
CoreSync,MINT-SYS,1418,7177.404,,,,3876,4318
CoreSync,MINT-SYS,1418,7538.793,,,,3876,4318
CoreSync,MINT-SYS,1418,10179.889,,,,3876,4318
CoreSync,MINT-SYS,1418,7114.058,,,,3876,4318
CoreSync,MINT-SYS,1418,8000.582,,,,3876,4318
CoreSync,MINT-SYS,1418,9111.932,,,,3876,4318
CoreSync,MINT-SYS,1418,7164.603,,,,3876,4318
CoreSync,hybrid-9,1418,36.623,,,,6424,8553
CoreSync,hybrid-9,1418,36.962,,,,6424,8553
CoreSync,hybrid-9,1418,32.123,,,,6424,8553
CoreSync,hybrid-9,1418,35.620,,,,6424,8553
CoreSync,hybrid-9,1418,36.889,,,,6424,8553
CoreSync,hybrid-9,1418,44.756,,,,6424,8553
CoreSync,hybrid-9,1418,32.465,,,,6424,8553
CoreSync,hybrid-9,1418,36.477,,,,6424,8553
CoreSync,hybrid-9,1418,42.468,,,,6424,8553
CoreSync,hybrid-9,1418,32.279,,,,6424,8553
CoreSync,hybrid-8,1418,38.816,,,,6308,8124
CoreSync,hybrid-8,1418,38.222,,,,6308,8124
CoreSync,hybrid-8,1418,32.421,,,,6308,8124
CoreSync,hybrid-8,1418,36.000,,,,6308,8124
CoreSync,hybrid-8,1418,37.254,,,,6308,8124
CoreSync,hybrid-8,1418,45.394,,,,6308,8124
CoreSync,hybrid-8,1418,33.104,,,,6308,8124
CoreSync,hybrid-8,1418,36.942,,,,6308,8124
CoreSync,hybrid-8,1418,42.079,,,,6308,8124
CoreSync,hybrid-8,1418,32.473,,,,6308,8124
CoreSync,hybrid-7,1418,37.217,,,,6383,8463
CoreSync,hybrid-7,1418,37.622,,,,6383,8463
CoreSync,hybrid-7,1418,32.151,,,,6383,8463
CoreSync,hybrid-7,1418,37.681,,,,6383,8463
CoreSync,hybrid-7,1418,36.985,,,,6383,8463
CoreSync,hybrid-7,1418,44.597,,,,6383,8463
CoreSync,hybrid-7,1418,34.251,,,,6383,8463
CoreSync,hybrid-7,1418,38.139,,,,6383,8463
CoreSync,hybrid-7,1418,41.658,,,,6383,8463
CoreSync,hybrid-7,1418,32.305,,,,6383,8463
CoreSync,hybrid-6,1418,37.276,,,,6380,8354
CoreSync,hybrid-6,1418,37.095,,,,6380,8354
CoreSync,hybrid-6,1418,32.440,,,,6380,8354
CoreSync,hybrid-6,1418,37.209,,,,6380,8354
CoreSync,hybrid-6,1418,37.218,,,,6380,8354
CoreSync,hybrid-6,1418,45.082,,,,6380,8354
CoreSync,hybrid-6,1418,34.320,,,,6380,8354
CoreSync,hybrid-6,1418,37.309,,,,6380,8354
CoreSync,hybrid-6,1418,40.993,,,,6380,8354
CoreSync,hybrid-6,1418,32.504,,,,6380,8354
CoreSync,hybrid-5,1418,37.356,,,,6525,8838
CoreSync,hybrid-5,1418,37.442,,,,6525,8838
CoreSync,hybrid-5,1418,32.408,,,,6525,8838
CoreSync,hybrid-5,1418,37.747,,,,6525,8838
CoreSync,hybrid-5,1418,37.564,,,,6525,8838
CoreSync,hybrid-5,1418,45.059,,,,6525,8838
CoreSync,hybrid-5,1418,32.868,,,,6525,8838
CoreSync,hybrid-5,1418,37.127,,,,6525,8838
CoreSync,hybrid-5,1418,43.767,,,,6525,8838
CoreSync,hybrid-5,1418,32.673,,,,6525,8838
CoreSync,hybrid-4,1418,36.842,,,,6707,9008
CoreSync,hybrid-4,1418,37.105,,,,6707,9008
CoreSync,hybrid-4,1418,32.307,,,,6707,9008
CoreSync,hybrid-4,1418,36.354,,,,6707,9008
CoreSync,hybrid-4,1418,37.849,,,,6707,9008
CoreSync,hybrid-4,1418,45.030,,,,6707,9008
CoreSync,hybrid-4,1418,32.571,,,,6707,9008
CoreSync,hybrid-4,1418,36.789,,,,6707,9008
CoreSync,hybrid-4,1418,43.329,,,,6707,9008
CoreSync,hybrid-4,1418,32.261,,,,6707,9008
CoreSync,hybrid-3,1418,36.736,,,,6818,9518
CoreSync,hybrid-3,1418,36.547,,,,6818,9518
CoreSync,hybrid-3,1418,31.871,,,,6818,9518
CoreSync,hybrid-3,1418,36.373,,,,6818,9518
CoreSync,hybrid-3,1418,37.542,,,,6818,9518
CoreSync,hybrid-3,1418,43.989,,,,6818,9518
CoreSync,hybrid-3,1418,33.155,,,,6818,9518
CoreSync,hybrid-3,1418,36.497,,,,6818,9518
CoreSync,hybrid-3,1418,40.149,,,,6818,9518
CoreSync,hybrid-3,1418,32.071,,,,6818,9518
CoreSync,hybrid-2,1418,37.107,,,,7100,10202
CoreSync,hybrid-2,1418,37.417,,,,7100,10202
CoreSync,hybrid-2,1418,32.421,,,,7100,10202
CoreSync,hybrid-2,1418,37.110,,,,7100,10202
CoreSync,hybrid-2,1418,37.697,,,,7100,10202
CoreSync,hybrid-2,1418,44.790,,,,7100,10202
CoreSync,hybrid-2,1418,33.727,,,,7100,10202
CoreSync,hybrid-2,1418,36.826,,,,7100,10202
CoreSync,hybrid-2,1418,40.902,,,,7100,10202
CoreSync,hybrid-2,1418,32.476,,,,7100,10202
CoreSync,hybrid-10,1418,36.826,,,,6386,8250
CoreSync,hybrid-10,1418,37.095,,,,6386,8250
CoreSync,hybrid-10,1418,32.287,,,,6386,8250
CoreSync,hybrid-10,1418,36.715,,,,6386,8250
CoreSync,hybrid-10,1418,37.117,,,,6386,8250
CoreSync,hybrid-10,1418,45.385,,,,6386,8250
CoreSync,hybrid-10,1418,32.557,,,,6386,8250
CoreSync,hybrid-10,1418,37.977,,,,6386,8250
CoreSync,hybrid-10,1418,41.900,,,,6386,8250
CoreSync,hybrid-10,1418,32.260,,,,6386,8250
CoreSync,hybrid-1,1418,36.258,,,,7524,10798
CoreSync,hybrid-1,1418,36.259,,,,7524,10798
CoreSync,hybrid-1,1418,31.665,,,,7524,10798
CoreSync,hybrid-1,1418,35.964,,,,7524,10798
CoreSync,hybrid-1,1418,36.838,,,,7524,10798
CoreSync,hybrid-1,1418,44.083,,,,7524,10798
CoreSync,hybrid-1,1418,32.464,,,,7524,10798
CoreSync,hybrid-1,1418,36.309,,,,7524,10798
CoreSync,hybrid-1,1418,40.219,,,,7524,10798
CoreSync,hybrid-1,1418,31.754,,,,7524,10798
CoreSync,hybrid-0,1418,12.658,,,,17975,28387
CoreSync,hybrid-0,1418,12.795,,,,17975,28387
CoreSync,hybrid-0,1418,11.422,,,,17975,28387
CoreSync,hybrid-0,1418,12.790,,,,17975,28387
CoreSync,hybrid-0,1418,13.138,,,,17975,28387
CoreSync,hybrid-0,1418,14.537,,,,17975,28387
CoreSync,hybrid-0,1418,11.706,,,,17975,28387
CoreSync,hybrid-0,1418,12.968,,,,17975,28387
CoreSync,hybrid-0,1418,14.040,,,,17975,28387
CoreSync,hybrid-0,1418,11.924,,,,17975,28387
Hadoop,PRINS-w4,68,3.721,0.002,2.631,1.089,2810,2878
Hadoop,PRINS-w4,68,3.734,0.001,2.632,1.100,2810,2878
Hadoop,PRINS-w4,68,3.437,0.001,2.445,0.990,2810,2878
Hadoop,PRINS-w4,68,3.575,0.001,2.567,1.006,2810,2878
Hadoop,PRINS-w4,68,3.911,0.002,2.820,1.090,2810,2878
Hadoop,PRINS-w4,68,4.127,0.002,2.944,1.182,2810,2878
Hadoop,PRINS-w4,68,3.458,0.001,2.481,0.976,2810,2878
Hadoop,PRINS-w4,68,3.743,0.002,2.677,1.065,2810,2878
Hadoop,PRINS-w4,68,4.250,0.002,3.131,1.118,2810,2878
Hadoop,PRINS-w4,68,3.470,0.001,2.459,1.009,2810,2878
Hadoop,PRINS-w3,68,3.880,0.001,2.810,1.068,2810,2878
Hadoop,PRINS-w3,68,3.884,0.001,2.850,1.032,2810,2878
Hadoop,PRINS-w3,68,3.678,0.001,2.739,0.939,2810,2878
Hadoop,PRINS-w3,68,3.933,0.001,2.915,1.017,2810,2878
Hadoop,PRINS-w3,68,4.392,0.001,3.290,1.100,2810,2878
Hadoop,PRINS-w3,68,4.520,0.002,3.377,1.141,2810,2878
Hadoop,PRINS-w3,68,3.761,0.001,2.785,0.975,2810,2878
Hadoop,PRINS-w3,68,3.864,0.001,2.803,1.060,2810,2878
Hadoop,PRINS-w3,68,4.725,0.002,3.567,1.156,2810,2878
Hadoop,PRINS-w3,68,3.732,0.001,2.780,0.951,2810,2878
Hadoop,PRINS-w2,68,4.718,0.001,3.639,1.077,2810,2878
Hadoop,PRINS-w2,68,4.644,0.001,3.660,0.983,2810,2878
Hadoop,PRINS-w2,68,4.575,0.001,3.640,0.934,2810,2878
Hadoop,PRINS-w2,68,4.517,0.001,3.578,0.938,2810,2878
Hadoop,PRINS-w2,68,5.139,0.002,4.065,1.072,2810,2878
Hadoop,PRINS-w2,68,5.679,0.002,4.552,1.125,2810,2878
Hadoop,PRINS-w2,68,4.622,0.001,3.653,0.968,2810,2878
Hadoop,PRINS-w2,68,4.785,0.001,3.679,1.105,2810,2878
Hadoop,PRINS-w2,68,6.226,0.002,5.113,1.112,2810,2878
Hadoop,PRINS-w2,68,4.545,0.001,3.601,0.943,2810,2878
Hadoop,PRINS-w1,68,8.598,0.019,7.492,1.087,2810,2878
Hadoop,PRINS-w1,68,8.409,0.002,7.431,0.977,2810,2878
Hadoop,PRINS-w1,68,8.566,0.015,7.557,0.993,2810,2878
Hadoop,PRINS-w1,68,7.942,0.016,6.944,0.982,2810,2878
Hadoop,PRINS-w1,68,8.504,0.002,7.476,1.026,2810,2878
Hadoop,PRINS-w1,68,10.152,0.039,9.037,1.076,2810,2878
Hadoop,PRINS-w1,68,8.607,0.001,7.621,0.984,2810,2878
Hadoop,PRINS-w1,68,8.458,0.002,7.358,1.098,2810,2878
Hadoop,PRINS-w1,68,11.393,0.033,10.200,1.160,2810,2878
Hadoop,PRINS-w1,68,8.302,0.015,7.320,0.967,2810,2878
Hadoop,MINT-SYS,68,1.536,,,,67,70
Hadoop,MINT-SYS,68,1.525,,,,67,70
Hadoop,MINT-SYS,68,1.498,,,,67,70
Hadoop,MINT-SYS,68,1.725,,,,67,70
Hadoop,MINT-SYS,68,1.840,,,,67,70
Hadoop,MINT-SYS,68,1.637,,,,67,70
Hadoop,MINT-SYS,68,2.339,,,,67,70
Hadoop,MINT-SYS,68,1.462,,,,67,70
Hadoop,MINT-SYS,68,2.499,,,,67,70
Hadoop,MINT-SYS,68,1.509,,,,67,70
Hadoop,hybrid-9,68,0.239,,,,65,66
Hadoop,hybrid-9,68,0.220,,,,65,66
Hadoop,hybrid-9,68,0.211,,,,65,66
Hadoop,hybrid-9,68,0.217,,,,65,66
Hadoop,hybrid-9,68,0.227,,,,65,66
Hadoop,hybrid-9,68,0.254,,,,65,66
Hadoop,hybrid-9,68,0.217,,,,65,66
Hadoop,hybrid-9,68,0.232,,,,65,66
Hadoop,hybrid-9,68,0.194,,,,65,66
Hadoop,hybrid-9,68,0.215,,,,65,66
Hadoop,hybrid-8,68,0.239,,,,65,66
Hadoop,hybrid-8,68,0.220,,,,65,66
Hadoop,hybrid-8,68,0.213,,,,65,66
Hadoop,hybrid-8,68,0.219,,,,65,66
Hadoop,hybrid-8,68,0.232,,,,65,66
Hadoop,hybrid-8,68,0.234,,,,65,66
Hadoop,hybrid-8,68,0.211,,,,65,66
Hadoop,hybrid-8,68,0.237,,,,65,66
Hadoop,hybrid-8,68,0.195,,,,65,66
Hadoop,hybrid-8,68,0.220,,,,65,66
Hadoop,hybrid-7,68,0.240,,,,65,66
Hadoop,hybrid-7,68,0.217,,,,65,66
Hadoop,hybrid-7,68,0.214,,,,65,66
Hadoop,hybrid-7,68,0.216,,,,65,66
Hadoop,hybrid-7,68,0.238,,,,65,66
Hadoop,hybrid-7,68,0.211,,,,65,66
Hadoop,hybrid-7,68,0.211,,,,65,66
Hadoop,hybrid-7,68,0.237,,,,65,66
Hadoop,hybrid-7,68,0.195,,,,65,66
Hadoop,hybrid-7,68,0.215,,,,65,66
Hadoop,hybrid-6,68,0.240,,,,65,66
Hadoop,hybrid-6,68,0.214,,,,65,66
Hadoop,hybrid-6,68,0.213,,,,65,66
Hadoop,hybrid-6,68,0.212,,,,65,66
Hadoop,hybrid-6,68,0.227,,,,65,66
Hadoop,hybrid-6,68,0.206,,,,65,66
Hadoop,hybrid-6,68,0.212,,,,65,66
Hadoop,hybrid-6,68,0.240,,,,65,66
Hadoop,hybrid-6,68,0.198,,,,65,66
Hadoop,hybrid-6,68,0.220,,,,65,66
Hadoop,hybrid-5,68,0.235,,,,65,66
Hadoop,hybrid-5,68,0.214,,,,65,66
Hadoop,hybrid-5,68,0.213,,,,65,66
Hadoop,hybrid-5,68,0.215,,,,65,66
Hadoop,hybrid-5,68,0.233,,,,65,66
Hadoop,hybrid-5,68,0.212,,,,65,66
Hadoop,hybrid-5,68,0.213,,,,65,66
Hadoop,hybrid-5,68,0.229,,,,65,66
Hadoop,hybrid-5,68,0.196,,,,65,66
Hadoop,hybrid-5,68,0.216,,,,65,66
Hadoop,hybrid-4,68,0.238,,,,65,66
Hadoop,hybrid-4,68,0.222,,,,65,66
Hadoop,hybrid-4,68,0.224,,,,65,66
Hadoop,hybrid-4,68,0.222,,,,65,66
Hadoop,hybrid-4,68,0.244,,,,65,66
Hadoop,hybrid-4,68,0.292,,,,65,66
Hadoop,hybrid-4,68,0.259,,,,65,66
Hadoop,hybrid-4,68,0.240,,,,65,66
Hadoop,hybrid-4,68,0.223,,,,65,66
Hadoop,hybrid-4,68,0.229,,,,65,66
Hadoop,hybrid-3,68,0.231,,,,65,66
Hadoop,hybrid-3,68,0.214,,,,65,66
Hadoop,hybrid-3,68,0.214,,,,65,66
Hadoop,hybrid-3,68,0.213,,,,65,66
Hadoop,hybrid-3,68,0.238,,,,65,66
Hadoop,hybrid-3,68,0.262,,,,65,66
Hadoop,hybrid-3,68,0.213,,,,65,66
Hadoop,hybrid-3,68,0.238,,,,65,66
Hadoop,hybrid-3,68,0.193,,,,65,66
Hadoop,hybrid-3,68,0.243,,,,65,66
Hadoop,hybrid-2,68,0.241,,,,65,66
Hadoop,hybrid-2,68,0.220,,,,65,66
Hadoop,hybrid-2,68,0.214,,,,65,66
Hadoop,hybrid-2,68,0.218,,,,65,66
Hadoop,hybrid-2,68,0.239,,,,65,66
Hadoop,hybrid-2,68,0.247,,,,65,66
Hadoop,hybrid-2,68,0.212,,,,65,66
Hadoop,hybrid-2,68,0.240,,,,65,66
Hadoop,hybrid-2,68,0.195,,,,65,66
Hadoop,hybrid-2,68,0.227,,,,65,66
Hadoop,hybrid-10,68,0.239,,,,65,66
Hadoop,hybrid-10,68,0.205,,,,65,66
Hadoop,hybrid-10,68,0.214,,,,65,66
Hadoop,hybrid-10,68,0.213,,,,65,66
Hadoop,hybrid-10,68,0.231,,,,65,66
Hadoop,hybrid-10,68,0.249,,,,65,66
Hadoop,hybrid-10,68,0.217,,,,65,66
Hadoop,hybrid-10,68,0.230,,,,65,66
Hadoop,hybrid-10,68,0.194,,,,65,66
Hadoop,hybrid-10,68,0.215,,,,65,66
Hadoop,hybrid-1,68,0.258,,,,65,66
Hadoop,hybrid-1,68,0.227,,,,65,66
Hadoop,hybrid-1,68,0.231,,,,65,66
Hadoop,hybrid-1,68,0.230,,,,65,66
Hadoop,hybrid-1,68,0.251,,,,65,66
Hadoop,hybrid-1,68,0.263,,,,65,66
Hadoop,hybrid-1,68,0.222,,,,65,66
Hadoop,hybrid-1,68,0.262,,,,65,66
Hadoop,hybrid-1,68,0.198,,,,65,66
Hadoop,hybrid-1,68,0.232,,,,65,66
Hadoop,hybrid-0,68,0.128,,,,122,124
Hadoop,hybrid-0,68,0.174,,,,122,124
Hadoop,hybrid-0,68,0.172,,,,122,124
Hadoop,hybrid-0,68,0.172,,,,122,124
Hadoop,hybrid-0,68,0.178,,,,122,124
Hadoop,hybrid-0,68,0.138,,,,122,124
Hadoop,hybrid-0,68,0.172,,,,122,124
Hadoop,hybrid-0,68,0.172,,,,122,124
Hadoop,hybrid-0,68,0.134,,,,122,124
Hadoop,hybrid-0,68,0.173,,,,122,124
HDFS,PRINS-w4,1000,7.911,0.008,4.305,3.597,8939,11495
HDFS,PRINS-w4,1000,7.698,0.007,4.408,3.283,8939,11495
HDFS,PRINS-w4,1000,7.603,0.007,4.331,3.265,8939,11495
HDFS,PRINS-w4,1000,7.635,0.007,4.320,3.308,8939,11495
HDFS,PRINS-w4,1000,8.039,0.007,4.374,3.658,8939,11495
HDFS,PRINS-w4,1000,8.627,0.010,4.853,3.764,8939,11495
HDFS,PRINS-w4,1000,7.876,0.007,4.613,3.256,8939,11495
HDFS,PRINS-w4,1000,8.033,0.008,4.428,3.596,8939,11495
HDFS,PRINS-w4,1000,8.732,0.008,4.865,3.859,8939,11495
HDFS,PRINS-w4,1000,7.579,0.007,4.273,3.300,8939,11495
HDFS,PRINS-w3,1000,8.544,0.008,4.996,3.541,8939,11495
HDFS,PRINS-w3,1000,8.318,0.008,4.954,3.357,8939,11495
HDFS,PRINS-w3,1000,8.197,0.007,4.930,3.261,8939,11495
HDFS,PRINS-w3,1000,8.530,0.007,5.243,3.280,8939,11495
HDFS,PRINS-w3,1000,9.338,0.009,5.667,3.663,8939,11495
HDFS,PRINS-w3,1000,9.688,0.009,5.918,3.761,8939,11495
HDFS,PRINS-w3,1000,8.213,0.007,4.971,3.234,8939,11495
HDFS,PRINS-w3,1000,8.622,0.009,5.036,3.577,8939,11495
HDFS,PRINS-w3,1000,10.766,0.010,6.979,3.778,8939,11495
HDFS,PRINS-w3,1000,8.476,0.007,5.185,3.285,8939,11495
HDFS,PRINS-w2,1000,9.322,0.007,5.721,3.595,8939,11495
HDFS,PRINS-w2,1000,9.081,0.007,5.748,3.327,8939,11495
HDFS,PRINS-w2,1000,8.662,0.007,5.396,3.259,8939,11495
HDFS,PRINS-w2,1000,8.880,0.007,5.593,3.280,8939,11495
HDFS,PRINS-w2,1000,10.386,0.010,6.737,3.640,8939,11495
HDFS,PRINS-w2,1000,11.653,0.009,7.860,3.784,8939,11495
HDFS,PRINS-w2,1000,8.810,0.007,5.555,3.248,8939,11495
HDFS,PRINS-w2,1000,9.378,0.008,5.761,3.609,8939,11495
HDFS,PRINS-w2,1000,11.124,0.009,7.290,3.825,8939,11495
HDFS,PRINS-w2,1000,8.675,0.007,5.417,3.251,8939,11495
HDFS,PRINS-w1,1000,12.363,0.007,8.762,3.594,8939,11495
HDFS,PRINS-w1,1000,11.786,0.007,8.509,3.270,8939,11495
HDFS,PRINS-w1,1000,11.669,0.007,8.394,3.268,8939,11495
HDFS,PRINS-w1,1000,11.542,0.007,8.247,3.288,8939,11495
HDFS,PRINS-w1,1000,13.398,0.008,9.674,3.716,8939,11495
HDFS,PRINS-w1,1000,14.796,0.009,11.027,3.759,8939,11495
HDFS,PRINS-w1,1000,11.825,0.007,8.553,3.265,8939,11495
HDFS,PRINS-w1,1000,12.319,0.008,8.676,3.635,8939,11495
HDFS,PRINS-w1,1000,13.917,0.009,10.135,3.773,8939,11495
HDFS,PRINS-w1,1000,11.735,0.007,8.455,3.274,8939,11495
HDFS,MINT-SYS,1000,532.016,,,,76,177
HDFS,MINT-SYS,1000,505.416,,,,76,177
HDFS,MINT-SYS,1000,501.403,,,,76,177
HDFS,MINT-SYS,1000,501.530,,,,76,177
HDFS,MINT-SYS,1000,549.712,,,,76,177
HDFS,MINT-SYS,1000,685.472,,,,76,177
HDFS,MINT-SYS,1000,498.368,,,,76,177
HDFS,MINT-SYS,1000,533.886,,,,76,177
HDFS,MINT-SYS,1000,676.931,,,,76,177
HDFS,MINT-SYS,1000,508.864,,,,76,177
HDFS,hybrid-9,1000,1.196,,,,56,114
HDFS,hybrid-9,1000,1.240,,,,56,114
HDFS,hybrid-9,1000,1.116,,,,56,114
HDFS,hybrid-9,1000,1.116,,,,56,114
HDFS,hybrid-9,1000,1.255,,,,56,114
HDFS,hybrid-9,1000,1.335,,,,56,114
HDFS,hybrid-9,1000,1.111,,,,56,114
HDFS,hybrid-9,1000,1.187,,,,56,114
HDFS,hybrid-9,1000,1.279,,,,56,114
HDFS,hybrid-9,1000,1.114,,,,56,114
HDFS,hybrid-8,1000,1.189,,,,57,114
HDFS,hybrid-8,1000,1.165,,,,57,114
HDFS,hybrid-8,1000,1.102,,,,57,114
HDFS,hybrid-8,1000,1.101,,,,57,114
HDFS,hybrid-8,1000,1.234,,,,57,114
HDFS,hybrid-8,1000,1.287,,,,57,114
HDFS,hybrid-8,1000,1.091,,,,57,114
HDFS,hybrid-8,1000,1.176,,,,57,114
HDFS,hybrid-8,1000,1.273,,,,57,114
HDFS,hybrid-8,1000,1.088,,,,57,114
HDFS,hybrid-7,1000,0.935,,,,94,184
HDFS,hybrid-7,1000,0.936,,,,94,184
HDFS,hybrid-7,1000,0.864,,,,94,184
HDFS,hybrid-7,1000,0.876,,,,94,184
HDFS,hybrid-7,1000,0.986,,,,94,184
HDFS,hybrid-7,1000,1.004,,,,94,184
HDFS,hybrid-7,1000,0.874,,,,94,184
HDFS,hybrid-7,1000,0.929,,,,94,184
HDFS,hybrid-7,1000,0.995,,,,94,184
HDFS,hybrid-7,1000,0.896,,,,94,184
HDFS,hybrid-6,1000,1.025,,,,103,225
HDFS,hybrid-6,1000,0.966,,,,103,225
HDFS,hybrid-6,1000,0.921,,,,103,225
HDFS,hybrid-6,1000,0.930,,,,103,225
HDFS,hybrid-6,1000,1.034,,,,103,225
HDFS,hybrid-6,1000,1.077,,,,103,225
HDFS,hybrid-6,1000,0.919,,,,103,225
HDFS,hybrid-6,1000,0.991,,,,103,225
HDFS,hybrid-6,1000,1.070,,,,103,225
HDFS,hybrid-6,1000,0.926,,,,103,225
HDFS,hybrid-5,1000,1.031,,,,98,207
HDFS,hybrid-5,1000,1.014,,,,98,207
HDFS,hybrid-5,1000,0.956,,,,98,207
HDFS,hybrid-5,1000,0.961,,,,98,207
HDFS,hybrid-5,1000,1.046,,,,98,207
HDFS,hybrid-5,1000,1.071,,,,98,207
HDFS,hybrid-5,1000,0.924,,,,98,207
HDFS,hybrid-5,1000,1.007,,,,98,207
HDFS,hybrid-5,1000,1.064,,,,98,207
HDFS,hybrid-5,1000,0.939,,,,98,207
HDFS,hybrid-4,1000,1.040,,,,114,270
HDFS,hybrid-4,1000,0.967,,,,114,270
HDFS,hybrid-4,1000,0.939,,,,114,270
HDFS,hybrid-4,1000,0.962,,,,114,270
HDFS,hybrid-4,1000,1.071,,,,114,270
HDFS,hybrid-4,1000,1.094,,,,114,270
HDFS,hybrid-4,1000,0.953,,,,114,270
HDFS,hybrid-4,1000,1.042,,,,114,270
HDFS,hybrid-4,1000,1.124,,,,114,270
HDFS,hybrid-4,1000,0.962,,,,114,270
HDFS,hybrid-3,1000,1.091,,,,190,527
HDFS,hybrid-3,1000,1.025,,,,190,527
HDFS,hybrid-3,1000,1.007,,,,190,527
HDFS,hybrid-3,1000,1.036,,,,190,527
HDFS,hybrid-3,1000,1.112,,,,190,527
HDFS,hybrid-3,1000,1.138,,,,190,527
HDFS,hybrid-3,1000,1.006,,,,190,527
HDFS,hybrid-3,1000,1.089,,,,190,527
HDFS,hybrid-3,1000,1.176,,,,190,527
HDFS,hybrid-3,1000,1.017,,,,190,527
HDFS,hybrid-2,1000,1.276,,,,299,865
HDFS,hybrid-2,1000,1.144,,,,299,865
HDFS,hybrid-2,1000,1.145,,,,299,865
HDFS,hybrid-2,1000,1.155,,,,299,865
HDFS,hybrid-2,1000,1.246,,,,299,865
HDFS,hybrid-2,1000,1.316,,,,299,865
HDFS,hybrid-2,1000,1.140,,,,299,865
HDFS,hybrid-2,1000,1.255,,,,299,865
HDFS,hybrid-2,1000,1.305,,,,299,865
HDFS,hybrid-2,1000,1.165,,,,299,865
HDFS,hybrid-10,1000,1.251,,,,56,114
HDFS,hybrid-10,1000,1.271,,,,56,114
HDFS,hybrid-10,1000,1.160,,,,56,114
HDFS,hybrid-10,1000,1.162,,,,56,114
HDFS,hybrid-10,1000,1.295,,,,56,114
HDFS,hybrid-10,1000,1.356,,,,56,114
HDFS,hybrid-10,1000,1.156,,,,56,114
HDFS,hybrid-10,1000,1.285,,,,56,114
HDFS,hybrid-10,1000,1.344,,,,56,114
HDFS,hybrid-10,1000,1.182,,,,56,114
HDFS,hybrid-1,1000,1.460,,,,392,1308
HDFS,hybrid-1,1000,1.370,,,,392,1308
HDFS,hybrid-1,1000,1.344,,,,392,1308
HDFS,hybrid-1,1000,1.368,,,,392,1308
HDFS,hybrid-1,1000,1.440,,,,392,1308
HDFS,hybrid-1,1000,1.539,,,,392,1308
HDFS,hybrid-1,1000,1.336,,,,392,1308
HDFS,hybrid-1,1000,1.457,,,,392,1308
HDFS,hybrid-1,1000,1.521,,,,392,1308
HDFS,hybrid-1,1000,1.350,,,,392,1308
HDFS,hybrid-0,1000,2.471,,,,1370,2586
HDFS,hybrid-0,1000,2.229,,,,1370,2586
HDFS,hybrid-0,1000,2.178,,,,1370,2586
HDFS,hybrid-0,1000,2.278,,,,1370,2586
HDFS,hybrid-0,1000,2.520,,,,1370,2586
HDFS,hybrid-0,1000,2.672,,,,1370,2586
HDFS,hybrid-0,1000,2.169,,,,1370,2586
HDFS,hybrid-0,1000,2.470,,,,1370,2586
HDFS,hybrid-0,1000,2.659,,,,1370,2586
HDFS,hybrid-0,1000,2.179,,,,1370,2586
Linux,PRINS-w4,42,424.088,0.004,422.148,1.937,2700,3378
Linux,PRINS-w4,42,417.152,0.003,415.262,1.887,2700,3378
Linux,PRINS-w4,42,393.308,0.003,391.411,1.893,2700,3378
Linux,PRINS-w4,42,384.643,0.003,382.747,1.893,2700,3378
Linux,PRINS-w4,42,430.061,0.004,428.038,2.019,2700,3378
Linux,PRINS-w4,42,468.444,0.004,466.310,2.130,2700,3378
Linux,PRINS-w4,42,397.120,0.003,395.250,1.867,2700,3378
Linux,PRINS-w4,42,430.229,0.004,428.117,2.108,2700,3378
Linux,PRINS-w4,42,476.996,0.004,474.778,2.214,2700,3378
Linux,PRINS-w4,42,391.907,0.003,390.011,1.892,2700,3378
Linux,PRINS-w3,42,435.105,0.003,433.066,2.036,2700,3378
Linux,PRINS-w3,42,402.799,0.003,400.854,1.941,2700,3378
Linux,PRINS-w3,42,401.766,0.003,399.877,1.886,2700,3378
Linux,PRINS-w3,42,389.477,0.003,387.497,1.977,2700,3378
Linux,PRINS-w3,42,433.622,0.004,431.552,2.066,2700,3378
Linux,PRINS-w3,42,495.195,0.004,493.051,2.139,2700,3378
Linux,PRINS-w3,42,407.262,0.003,405.386,1.873,2700,3378
Linux,PRINS-w3,42,433.030,0.004,430.925,2.101,2700,3378
Linux,PRINS-w3,42,484.510,0.004,482.232,2.274,2700,3378
Linux,PRINS-w3,42,398.748,0.003,396.863,1.882,2700,3378
Linux,PRINS-w2,42,429.641,0.004,427.620,2.016,2700,3378
Linux,PRINS-w2,42,409.318,0.003,407.397,1.917,2700,3378
Linux,PRINS-w2,42,407.000,0.003,405.101,1.896,2700,3378
Linux,PRINS-w2,42,399.321,0.004,397.323,1.994,2700,3378
Linux,PRINS-w2,42,440.751,0.004,438.629,2.118,2700,3378
Linux,PRINS-w2,42,489.117,0.004,486.938,2.175,2700,3378
Linux,PRINS-w2,42,397.433,0.003,395.539,1.890,2700,3378
Linux,PRINS-w2,42,438.712,0.004,436.616,2.092,2700,3378
Linux,PRINS-w2,42,474.190,0.004,471.979,2.206,2700,3378
Linux,PRINS-w2,42,392.478,0.003,390.629,1.845,2700,3378
Linux,PRINS-w1,42,453.522,0.004,451.483,2.035,2700,3378
Linux,PRINS-w1,42,426.508,0.003,424.515,1.990,2700,3378
Linux,PRINS-w1,42,422.108,0.003,420.253,1.852,2700,3378
Linux,PRINS-w1,42,415.670,0.004,413.829,1.837,2700,3378
Linux,PRINS-w1,42,464.014,0.004,461.883,2.127,2700,3378
Linux,PRINS-w1,42,495.721,0.004,493.514,2.203,2700,3378
Linux,PRINS-w1,42,415.005,0.003,413.165,1.837,2700,3378
Linux,PRINS-w1,42,453.601,0.004,451.608,1.989,2700,3378
Linux,PRINS-w1,42,497.487,0.004,495.261,2.222,2700,3378
Linux,PRINS-w1,42,424.272,0.003,422.370,1.899,2700,3378
Linux,MINT-SYS,42,1561.259,,,,342,476
Linux,MINT-SYS,42,1564.675,,,,342,476
Linux,MINT-SYS,42,1483.765,,,,342,476
Linux,MINT-SYS,42,1483.027,,,,342,476
Linux,MINT-SYS,42,1640.462,,,,342,476
Linux,MINT-SYS,42,1995.357,,,,342,476
Linux,MINT-SYS,42,1467.451,,,,342,476
Linux,MINT-SYS,42,1589.540,,,,342,476
Linux,MINT-SYS,42,1832.415,,,,342,476
Linux,MINT-SYS,42,1464.174,,,,342,476
Linux,hybrid-9,42,5.036,,,,2170,6083
Linux,hybrid-9,42,4.827,,,,2170,6083
Linux,hybrid-9,42,4.475,,,,2170,6083
Linux,hybrid-9,42,4.526,,,,2170,6083
Linux,hybrid-9,42,5.000,,,,2170,6083
Linux,hybrid-9,42,5.401,,,,2170,6083
Linux,hybrid-9,42,4.511,,,,2170,6083
Linux,hybrid-9,42,4.902,,,,2170,6083
Linux,hybrid-9,42,5.370,,,,2170,6083
Linux,hybrid-9,42,4.530,,,,2170,6083
Linux,hybrid-8,42,4.462,,,,1975,3913
Linux,hybrid-8,42,4.295,,,,1975,3913
Linux,hybrid-8,42,4.083,,,,1975,3913
Linux,hybrid-8,42,4.243,,,,1975,3913
Linux,hybrid-8,42,4.548,,,,1975,3913
Linux,hybrid-8,42,4.945,,,,1975,3913
Linux,hybrid-8,42,4.065,,,,1975,3913
Linux,hybrid-8,42,4.468,,,,1975,3913
Linux,hybrid-8,42,4.895,,,,1975,3913
Linux,hybrid-8,42,4.117,,,,1975,3913
Linux,hybrid-7,42,4.445,,,,1991,4047
Linux,hybrid-7,42,4.352,,,,1991,4047
Linux,hybrid-7,42,4.056,,,,1991,4047
Linux,hybrid-7,42,4.087,,,,1991,4047
Linux,hybrid-7,42,4.580,,,,1991,4047
Linux,hybrid-7,42,4.830,,,,1991,4047
Linux,hybrid-7,42,4.046,,,,1991,4047
Linux,hybrid-7,42,4.486,,,,1991,4047
Linux,hybrid-7,42,4.848,,,,1991,4047
Linux,hybrid-7,42,4.071,,,,1991,4047
Linux,hybrid-6,42,4.245,,,,1741,2729
Linux,hybrid-6,42,4.125,,,,1741,2729
Linux,hybrid-6,42,3.847,,,,1741,2729
Linux,hybrid-6,42,3.915,,,,1741,2729
Linux,hybrid-6,42,4.333,,,,1741,2729
Linux,hybrid-6,42,4.666,,,,1741,2729
Linux,hybrid-6,42,3.879,,,,1741,2729
Linux,hybrid-6,42,4.191,,,,1741,2729
Linux,hybrid-6,42,4.597,,,,1741,2729
Linux,hybrid-6,42,3.907,,,,1741,2729
Linux,hybrid-5,42,4.269,,,,1759,2782
Linux,hybrid-5,42,4.124,,,,1759,2782
Linux,hybrid-5,42,3.898,,,,1759,2782
Linux,hybrid-5,42,3.934,,,,1759,2782
Linux,hybrid-5,42,4.327,,,,1759,2782
Linux,hybrid-5,42,4.708,,,,1759,2782
Linux,hybrid-5,42,3.865,,,,1759,2782
Linux,hybrid-5,42,4.233,,,,1759,2782
Linux,hybrid-5,42,4.598,,,,1759,2782
Linux,hybrid-5,42,3.924,,,,1759,2782
Linux,hybrid-4,42,4.321,,,,1773,2799
Linux,hybrid-4,42,4.243,,,,1773,2799
Linux,hybrid-4,42,3.960,,,,1773,2799
Linux,hybrid-4,42,4.042,,,,1773,2799
Linux,hybrid-4,42,4.413,,,,1773,2799
Linux,hybrid-4,42,4.890,,,,1773,2799
Linux,hybrid-4,42,3.962,,,,1773,2799
Linux,hybrid-4,42,4.340,,,,1773,2799
Linux,hybrid-4,42,4.678,,,,1773,2799
Linux,hybrid-4,42,4.023,,,,1773,2799
Linux,hybrid-3,42,4.351,,,,1853,3061
Linux,hybrid-3,42,4.190,,,,1853,3061
Linux,hybrid-3,42,3.982,,,,1853,3061
Linux,hybrid-3,42,4.026,,,,1853,3061
Linux,hybrid-3,42,4.497,,,,1853,3061
Linux,hybrid-3,42,4.883,,,,1853,3061
Linux,hybrid-3,42,3.988,,,,1853,3061
Linux,hybrid-3,42,4.355,,,,1853,3061
Linux,hybrid-3,42,4.725,,,,1853,3061
Linux,hybrid-3,42,4.042,,,,1853,3061
Linux,hybrid-2,42,4.245,,,,1800,2768
Linux,hybrid-2,42,4.077,,,,1800,2768
Linux,hybrid-2,42,3.877,,,,1800,2768
Linux,hybrid-2,42,3.930,,,,1800,2768
Linux,hybrid-2,42,4.417,,,,1800,2768
Linux,hybrid-2,42,4.673,,,,1800,2768
Linux,hybrid-2,42,3.878,,,,1800,2768
Linux,hybrid-2,42,4.307,,,,1800,2768
Linux,hybrid-2,42,4.554,,,,1800,2768
Linux,hybrid-2,42,3.914,,,,1800,2768
Linux,hybrid-10,42,4.802,,,,1815,4535
Linux,hybrid-10,42,4.699,,,,1815,4535
Linux,hybrid-10,42,4.387,,,,1815,4535
Linux,hybrid-10,42,4.380,,,,1815,4535
Linux,hybrid-10,42,4.938,,,,1815,4535
Linux,hybrid-10,42,5.269,,,,1815,4535
Linux,hybrid-10,42,4.411,,,,1815,4535
Linux,hybrid-10,42,4.835,,,,1815,4535
Linux,hybrid-10,42,5.322,,,,1815,4535
Linux,hybrid-10,42,4.427,,,,1815,4535
Linux,hybrid-1,42,4.270,,,,1990,3322
Linux,hybrid-1,42,4.074,,,,1990,3322
Linux,hybrid-1,42,3.908,,,,1990,3322
Linux,hybrid-1,42,3.946,,,,1990,3322
Linux,hybrid-1,42,4.403,,,,1990,3322
Linux,hybrid-1,42,4.695,,,,1990,3322
Linux,hybrid-1,42,3.893,,,,1990,3322
Linux,hybrid-1,42,4.298,,,,1990,3322
Linux,hybrid-1,42,4.661,,,,1990,3322
Linux,hybrid-1,42,3.993,,,,1990,3322
Linux,hybrid-0,42,1.297,,,,3522,6503
Linux,hybrid-0,42,1.328,,,,3522,6503
Linux,hybrid-0,42,1.206,,,,3522,6503
Linux,hybrid-0,42,1.292,,,,3522,6503
Linux,hybrid-0,42,1.278,,,,3522,6503
Linux,hybrid-0,42,1.348,,,,3522,6503
Linux,hybrid-0,42,1.217,,,,3522,6503
Linux,hybrid-0,42,1.329,,,,3522,6503
Linux,hybrid-0,42,1.427,,,,3522,6503
Linux,hybrid-0,42,1.223,,,,3522,6503
NGLClient,PRINS-w4,42,3.973,0.001,3.607,0.366,633,740
NGLClient,PRINS-w4,42,4.122,0.000,3.753,0.368,633,740
NGLClient,PRINS-w4,42,3.950,0.000,3.609,0.340,633,740
NGLClient,PRINS-w4,42,6.024,0.000,5.662,0.363,633,740
NGLClient,PRINS-w4,42,4.619,0.000,4.251,0.367,633,740
NGLClient,PRINS-w4,42,4.485,0.001,4.116,0.369,633,740
NGLClient,PRINS-w4,42,3.953,0.000,3.616,0.337,633,740
NGLClient,PRINS-w4,42,3.981,0.001,3.615,0.365,633,740
NGLClient,PRINS-w4,42,4.438,0.001,4.111,0.327,633,740
NGLClient,PRINS-w4,42,4.061,0.000,3.724,0.337,633,740
NGLClient,PRINS-w3,42,4.230,0.001,3.876,0.353,633,740
NGLClient,PRINS-w3,42,4.367,0.000,4.004,0.362,633,740
NGLClient,PRINS-w3,42,4.217,0.000,3.878,0.339,633,740
NGLClient,PRINS-w3,42,6.697,0.001,6.339,0.358,633,740
NGLClient,PRINS-w3,42,5.518,0.001,5.150,0.367,633,740
NGLClient,PRINS-w3,42,4.803,0.001,4.443,0.359,633,740
NGLClient,PRINS-w3,42,4.285,0.000,3.952,0.333,633,740
NGLClient,PRINS-w3,42,4.095,0.000,3.731,0.364,633,740
NGLClient,PRINS-w3,42,4.891,0.001,4.521,0.369,633,740
NGLClient,PRINS-w3,42,4.299,0.000,3.965,0.333,633,740
NGLClient,PRINS-w2,42,5.410,0.000,5.075,0.334,633,740
NGLClient,PRINS-w2,42,5.386,0.000,5.041,0.345,633,740
NGLClient,PRINS-w2,42,5.278,0.000,4.989,0.288,633,740
NGLClient,PRINS-w2,42,8.905,0.000,8.544,0.361,633,740
NGLClient,PRINS-w2,42,6.462,0.000,6.043,0.419,633,740
NGLClient,PRINS-w2,42,6.461,0.001,6.110,0.351,633,740
NGLClient,PRINS-w2,42,5.389,0.000,5.079,0.309,633,740
NGLClient,PRINS-w2,42,5.336,0.000,4.982,0.353,633,740
NGLClient,PRINS-w2,42,5.960,0.001,5.614,0.346,633,740
NGLClient,PRINS-w2,42,5.427,0.000,5.126,0.301,633,740
NGLClient,PRINS-w1,42,10.951,0.000,10.622,0.328,633,740
NGLClient,PRINS-w1,42,10.956,0.000,10.622,0.334,633,740
NGLClient,PRINS-w1,42,10.940,0.000,10.614,0.325,633,740
NGLClient,PRINS-w1,42,12.818,0.000,12.469,0.348,633,740
NGLClient,PRINS-w1,42,11.158,0.001,10.834,0.324,633,740
NGLClient,PRINS-w1,42,11.940,0.001,11.609,0.331,633,740
NGLClient,PRINS-w1,42,10.893,0.000,10.610,0.283,633,740
NGLClient,PRINS-w1,42,10.815,0.000,10.476,0.338,633,740
NGLClient,PRINS-w1,42,11.377,0.001,11.025,0.351,633,740
NGLClient,PRINS-w1,42,10.825,0.000,10.507,0.318,633,740
NGLClient,MINT-SYS,42,2.258,,,,148,160
NGLClient,MINT-SYS,42,2.635,,,,148,160
NGLClient,MINT-SYS,42,2.233,,,,148,160
NGLClient,MINT-SYS,42,3.341,,,,148,160
NGLClient,MINT-SYS,42,2.589,,,,148,160
NGLClient,MINT-SYS,42,2.607,,,,148,160
NGLClient,MINT-SYS,42,2.617,,,,148,160
NGLClient,MINT-SYS,42,2.253,,,,148,160
NGLClient,MINT-SYS,42,2.481,,,,148,160
NGLClient,MINT-SYS,42,2.702,,,,148,160
NGLClient,hybrid-9,42,0.282,,,,154,195
NGLClient,hybrid-9,42,0.288,,,,154,195
NGLClient,hybrid-9,42,0.258,,,,154,195
NGLClient,hybrid-9,42,0.280,,,,154,195
NGLClient,hybrid-9,42,0.283,,,,154,195
NGLClient,hybrid-9,42,0.296,,,,154,195
NGLClient,hybrid-9,42,0.280,,,,154,195
NGLClient,hybrid-9,42,0.244,,,,154,195
NGLClient,hybrid-9,42,0.272,,,,154,195
NGLClient,hybrid-9,42,0.250,,,,154,195
NGLClient,hybrid-8,42,0.282,,,,154,195
NGLClient,hybrid-8,42,0.291,,,,154,195
NGLClient,hybrid-8,42,0.258,,,,154,195
NGLClient,hybrid-8,42,0.283,,,,154,195
NGLClient,hybrid-8,42,0.283,,,,154,195
NGLClient,hybrid-8,42,0.311,,,,154,195
NGLClient,hybrid-8,42,0.269,,,,154,195
NGLClient,hybrid-8,42,0.269,,,,154,195
NGLClient,hybrid-8,42,0.285,,,,154,195
NGLClient,hybrid-8,42,0.260,,,,154,195
NGLClient,hybrid-7,42,0.283,,,,154,195
NGLClient,hybrid-7,42,0.276,,,,154,195
NGLClient,hybrid-7,42,0.244,,,,154,195
NGLClient,hybrid-7,42,0.280,,,,154,195
NGLClient,hybrid-7,42,0.282,,,,154,195
NGLClient,hybrid-7,42,0.322,,,,154,195
NGLClient,hybrid-7,42,0.259,,,,154,195
NGLClient,hybrid-7,42,0.246,,,,154,195
NGLClient,hybrid-7,42,0.281,,,,154,195
NGLClient,hybrid-7,42,0.260,,,,154,195
NGLClient,hybrid-6,42,0.281,,,,154,195
NGLClient,hybrid-6,42,0.275,,,,154,195
NGLClient,hybrid-6,42,0.260,,,,154,195
NGLClient,hybrid-6,42,0.279,,,,154,195
NGLClient,hybrid-6,42,0.282,,,,154,195
NGLClient,hybrid-6,42,0.274,,,,154,195
NGLClient,hybrid-6,42,0.259,,,,154,195
NGLClient,hybrid-6,42,0.282,,,,154,195
NGLClient,hybrid-6,42,0.277,,,,154,195
NGLClient,hybrid-6,42,0.260,,,,154,195
NGLClient,hybrid-5,42,0.280,,,,154,195
NGLClient,hybrid-5,42,0.284,,,,154,195
NGLClient,hybrid-5,42,0.258,,,,154,195
NGLClient,hybrid-5,42,0.276,,,,154,195
NGLClient,hybrid-5,42,0.282,,,,154,195
NGLClient,hybrid-5,42,0.315,,,,154,195
NGLClient,hybrid-5,42,0.258,,,,154,195
NGLClient,hybrid-5,42,0.277,,,,154,195
NGLClient,hybrid-5,42,0.290,,,,154,195
NGLClient,hybrid-5,42,0.259,,,,154,195
NGLClient,hybrid-4,42,0.282,,,,154,195
NGLClient,hybrid-4,42,0.287,,,,154,195
NGLClient,hybrid-4,42,0.266,,,,154,195
NGLClient,hybrid-4,42,0.280,,,,154,195
NGLClient,hybrid-4,42,0.283,,,,154,195
NGLClient,hybrid-4,42,0.300,,,,154,195
NGLClient,hybrid-4,42,0.260,,,,154,195
NGLClient,hybrid-4,42,0.281,,,,154,195
NGLClient,hybrid-4,42,0.287,,,,154,195
NGLClient,hybrid-4,42,0.259,,,,154,195
NGLClient,hybrid-3,42,0.281,,,,154,195
NGLClient,hybrid-3,42,0.288,,,,154,195
NGLClient,hybrid-3,42,0.257,,,,154,195
NGLClient,hybrid-3,42,0.284,,,,154,195
NGLClient,hybrid-3,42,0.284,,,,154,195
NGLClient,hybrid-3,42,0.306,,,,154,195
NGLClient,hybrid-3,42,0.259,,,,154,195
NGLClient,hybrid-3,42,0.281,,,,154,195
NGLClient,hybrid-3,42,0.291,,,,154,195
NGLClient,hybrid-3,42,0.260,,,,154,195
NGLClient,hybrid-2,42,0.281,,,,154,195
NGLClient,hybrid-2,42,0.287,,,,154,195
NGLClient,hybrid-2,42,0.257,,,,154,195
NGLClient,hybrid-2,42,0.285,,,,154,195
NGLClient,hybrid-2,42,0.303,,,,154,195
NGLClient,hybrid-2,42,0.290,,,,154,195
NGLClient,hybrid-2,42,0.259,,,,154,195
NGLClient,hybrid-2,42,0.245,,,,154,195
NGLClient,hybrid-2,42,0.289,,,,154,195
NGLClient,hybrid-2,42,0.260,,,,154,195
NGLClient,hybrid-10,42,0.282,,,,154,195
NGLClient,hybrid-10,42,0.297,,,,154,195
NGLClient,hybrid-10,42,0.258,,,,154,195
NGLClient,hybrid-10,42,0.281,,,,154,195
NGLClient,hybrid-10,42,0.282,,,,154,195
NGLClient,hybrid-10,42,0.286,,,,154,195
NGLClient,hybrid-10,42,0.262,,,,154,195
NGLClient,hybrid-10,42,0.243,,,,154,195
NGLClient,hybrid-10,42,0.289,,,,154,195
NGLClient,hybrid-10,42,0.266,,,,154,195
NGLClient,hybrid-1,42,0.286,,,,154,195
NGLClient,hybrid-1,42,0.289,,,,154,195
NGLClient,hybrid-1,42,0.258,,,,154,195
NGLClient,hybrid-1,42,0.287,,,,154,195
NGLClient,hybrid-1,42,0.293,,,,154,195
NGLClient,hybrid-1,42,0.306,,,,154,195
NGLClient,hybrid-1,42,0.257,,,,154,195
NGLClient,hybrid-1,42,0.270,,,,154,195
NGLClient,hybrid-1,42,0.279,,,,154,195
NGLClient,hybrid-1,42,0.266,,,,154,195
NGLClient,hybrid-0,42,0.086,,,,158,203
NGLClient,hybrid-0,42,0.086,,,,158,203
NGLClient,hybrid-0,42,0.086,,,,158,203
NGLClient,hybrid-0,42,0.086,,,,158,203
NGLClient,hybrid-0,42,0.087,,,,158,203
NGLClient,hybrid-0,42,0.091,,,,158,203
NGLClient,hybrid-0,42,0.085,,,,158,203
NGLClient,hybrid-0,42,0.087,,,,158,203
NGLClient,hybrid-0,42,0.073,,,,158,203
NGLClient,hybrid-0,42,0.085,,,,158,203
Oobelib,PRINS-w4,250,1192.931,0.026,1177.043,15.863,31811,36410
Oobelib,PRINS-w4,250,1147.695,0.026,1131.462,16.208,31811,36410
Oobelib,PRINS-w4,250,1146.560,0.027,1130.559,15.974,31811,36410
Oobelib,PRINS-w4,250,1139.265,0.054,1123.242,15.969,31811,36410
Oobelib,PRINS-w4,250,1145.279,0.027,1129.467,15.785,31811,36410
Oobelib,PRINS-w4,250,1180.052,0.024,1163.987,16.041,31811,36410
Oobelib,PRINS-w4,250,1154.048,0.024,1137.983,16.041,31811,36410
Oobelib,PRINS-w4,250,1194.756,0.026,1178.906,15.825,31811,36410
Oobelib,PRINS-w4,250,1191.794,0.026,1175.832,15.936,31811,36410
Oobelib,PRINS-w4,250,1145.352,0.024,1129.475,15.854,31811,36410
Oobelib,PRINS-w3,250,1134.074,0.024,1118.009,16.041,31811,36410
Oobelib,PRINS-w3,250,1139.996,0.026,1124.150,15.821,31811,36410
Oobelib,PRINS-w3,250,1180.982,0.024,1165.044,15.914,31811,36410
Oobelib,PRINS-w3,250,1180.395,0.026,1164.566,15.804,31811,36410
Oobelib,PRINS-w3,250,1187.520,0.026,1171.716,15.779,31811,36410
Oobelib,PRINS-w3,250,1140.659,0.024,1124.532,16.103,31811,36410
Oobelib,PRINS-w3,250,1190.609,0.026,1174.848,15.735,31811,36410
Oobelib,PRINS-w3,250,1193.978,0.026,1177.943,16.010,31811,36410
Oobelib,PRINS-w3,250,1196.487,0.026,1180.442,16.020,31811,36410
Oobelib,PRINS-w3,250,1191.746,0.026,1175.744,15.977,31811,36410
Oobelib,PRINS-w2,250,1203.968,0.026,1187.763,16.179,31811,36410
Oobelib,PRINS-w2,250,1140.224,0.026,1124.333,15.866,31811,36410
Oobelib,PRINS-w2,250,1207.080,0.024,1191.225,15.831,31811,36410
Oobelib,PRINS-w2,250,1131.783,0.024,1115.877,15.882,31811,36410
Oobelib,PRINS-w2,250,1194.300,0.024,1178.288,15.989,31811,36410
Oobelib,PRINS-w2,250,1176.057,0.024,1160.148,15.885,31811,36410
Oobelib,PRINS-w2,250,1197.734,0.027,1181.819,15.888,31811,36410
Oobelib,PRINS-w2,250,1197.285,0.027,1181.409,15.849,31811,36410
Oobelib,PRINS-w2,250,1152.170,0.024,1136.198,15.948,31811,36410
Oobelib,PRINS-w2,250,1192.881,0.024,1177.002,15.855,31811,36410
Oobelib,PRINS-w1,250,1204.833,0.024,1188.996,15.813,31811,36410
Oobelib,PRINS-w1,250,1167.626,0.024,1151.682,15.920,31811,36410
Oobelib,PRINS-w1,250,1242.687,0.024,1226.793,15.870,31811,36410
Oobelib,PRINS-w1,250,1208.508,0.026,1192.592,15.891,31811,36410
Oobelib,PRINS-w1,250,1154.369,0.024,1138.388,15.957,31811,36410
Oobelib,PRINS-w1,250,1205.586,0.026,1189.671,15.890,31811,36410
Oobelib,PRINS-w1,250,1187.862,0.026,1171.959,15.878,31811,36410
Oobelib,PRINS-w1,250,1204.523,0.027,1188.420,16.076,31811,36410
Oobelib,PRINS-w1,250,1155.638,0.024,1139.666,15.948,31811,36410
Oobelib,PRINS-w1,250,1194.669,0.024,1178.714,15.932,31811,36410
Oobelib,MINT-SYS,250,5065.972,,,,447,545
Oobelib,MINT-SYS,250,5384.083,,,,447,545
Oobelib,MINT-SYS,250,4953.380,,,,447,545
Oobelib,MINT-SYS,250,5441.702,,,,447,545
Oobelib,MINT-SYS,250,5516.416,,,,447,545
Oobelib,MINT-SYS,250,5847.592,,,,447,545
Oobelib,MINT-SYS,250,5074.690,,,,447,545
Oobelib,MINT-SYS,250,5349.779,,,,447,545
Oobelib,MINT-SYS,250,5801.309,,,,447,545
Oobelib,MINT-SYS,250,4981.171,,,,447,545
Oobelib,hybrid-9,250,12.649,,,,1104,1366
Oobelib,hybrid-9,250,12.620,,,,1104,1366
Oobelib,hybrid-9,250,10.642,,,,1104,1366
Oobelib,hybrid-9,250,12.302,,,,1104,1366
Oobelib,hybrid-9,250,13.801,,,,1104,1366
Oobelib,hybrid-9,250,15.977,,,,1104,1366
Oobelib,hybrid-9,250,11.086,,,,1104,1366
Oobelib,hybrid-9,250,12.649,,,,1104,1366
Oobelib,hybrid-9,250,12.620,,,,1104,1366
Oobelib,hybrid-9,250,10.642,,,,1104,1366
Oobelib,hybrid-8,250,12.729,,,,1104,1366
Oobelib,hybrid-8,250,12.470,,,,1104,1366
Oobelib,hybrid-8,250,10.648,,,,1104,1366
Oobelib,hybrid-8,250,12.681,,,,1104,1366
Oobelib,hybrid-8,250,13.781,,,,1104,1366
Oobelib,hybrid-8,250,16.002,,,,1104,1366
Oobelib,hybrid-8,250,11.101,,,,1104,1366
Oobelib,hybrid-8,250,12.729,,,,1104,1366
Oobelib,hybrid-8,250,12.470,,,,1104,1366
Oobelib,hybrid-8,250,10.648,,,,1104,1366
Oobelib,hybrid-7,250,12.631,,,,1104,1366
Oobelib,hybrid-7,250,12.419,,,,1104,1366
Oobelib,hybrid-7,250,10.625,,,,1104,1366
Oobelib,hybrid-7,250,12.687,,,,1104,1366
Oobelib,hybrid-7,250,13.902,,,,1104,1366
Oobelib,hybrid-7,250,15.955,,,,1104,1366
Oobelib,hybrid-7,250,11.116,,,,1104,1366
Oobelib,hybrid-7,250,12.631,,,,1104,1366
Oobelib,hybrid-7,250,12.419,,,,1104,1366
Oobelib,hybrid-7,250,10.625,,,,1104,1366
Oobelib,hybrid-6,250,12.650,,,,1104,1366
Oobelib,hybrid-6,250,12.487,,,,1104,1366
Oobelib,hybrid-6,250,10.653,,,,1104,1366
Oobelib,hybrid-6,250,12.362,,,,1104,1366
Oobelib,hybrid-6,250,13.882,,,,1104,1366
Oobelib,hybrid-6,250,15.997,,,,1104,1366
Oobelib,hybrid-6,250,11.222,,,,1104,1366
Oobelib,hybrid-6,250,12.650,,,,1104,1366
Oobelib,hybrid-6,250,12.487,,,,1104,1366
Oobelib,hybrid-6,250,10.653,,,,1104,1366
Oobelib,hybrid-5,250,12.826,,,,1104,1366
Oobelib,hybrid-5,250,12.338,,,,1104,1366
Oobelib,hybrid-5,250,10.656,,,,1104,1366
Oobelib,hybrid-5,250,12.242,,,,1104,1366
Oobelib,hybrid-5,250,13.808,,,,1104,1366
Oobelib,hybrid-5,250,15.969,,,,1104,1366
Oobelib,hybrid-5,250,11.610,,,,1104,1366
Oobelib,hybrid-5,250,12.826,,,,1104,1366
Oobelib,hybrid-5,250,12.338,,,,1104,1366
Oobelib,hybrid-5,250,10.656,,,,1104,1366
Oobelib,hybrid-4,250,12.588,,,,1104,1366
Oobelib,hybrid-4,250,12.496,,,,1104,1366
Oobelib,hybrid-4,250,10.655,,,,1104,1366
Oobelib,hybrid-4,250,11.890,,,,1104,1366
Oobelib,hybrid-4,250,13.739,,,,1104,1366
Oobelib,hybrid-4,250,15.922,,,,1104,1366
Oobelib,hybrid-4,250,12.016,,,,1104,1366
Oobelib,hybrid-4,250,12.588,,,,1104,1366
Oobelib,hybrid-4,250,12.496,,,,1104,1366
Oobelib,hybrid-4,250,10.655,,,,1104,1366
Oobelib,hybrid-3,250,12.792,,,,1104,1366
Oobelib,hybrid-3,250,12.543,,,,1104,1366
Oobelib,hybrid-3,250,10.646,,,,1104,1366
Oobelib,hybrid-3,250,11.866,,,,1104,1366
Oobelib,hybrid-3,250,13.839,,,,1104,1366
Oobelib,hybrid-3,250,15.962,,,,1104,1366
Oobelib,hybrid-3,250,11.915,,,,1104,1366
Oobelib,hybrid-3,250,12.792,,,,1104,1366
Oobelib,hybrid-3,250,12.543,,,,1104,1366
Oobelib,hybrid-3,250,10.646,,,,1104,1366
Oobelib,hybrid-2,250,12.760,,,,1105,1368
Oobelib,hybrid-2,250,12.379,,,,1105,1368
Oobelib,hybrid-2,250,10.646,,,,1105,1368
Oobelib,hybrid-2,250,11.855,,,,1105,1368
Oobelib,hybrid-2,250,13.793,,,,1105,1368
Oobelib,hybrid-2,250,16.022,,,,1105,1368
Oobelib,hybrid-2,250,11.911,,,,1105,1368
Oobelib,hybrid-2,250,12.760,,,,1105,1368
Oobelib,hybrid-2,250,12.379,,,,1105,1368
Oobelib,hybrid-2,250,10.646,,,,1105,1368
Oobelib,hybrid-10,250,12.724,,,,1104,1366
Oobelib,hybrid-10,250,12.546,,,,1104,1366
Oobelib,hybrid-10,250,10.624,,,,1104,1366
Oobelib,hybrid-10,250,12.309,,,,1104,1366
Oobelib,hybrid-10,250,13.897,,,,1104,1366
Oobelib,hybrid-10,250,15.972,,,,1104,1366
Oobelib,hybrid-10,250,11.661,,,,1104,1366
Oobelib,hybrid-10,250,12.724,,,,1104,1366
Oobelib,hybrid-10,250,12.546,,,,1104,1366
Oobelib,hybrid-10,250,10.624,,,,1104,1366
Oobelib,hybrid-1,250,13.084,,,,1195,1484
Oobelib,hybrid-1,250,12.371,,,,1195,1484
Oobelib,hybrid-1,250,10.649,,,,1195,1484
Oobelib,hybrid-1,250,11.925,,,,1195,1484
Oobelib,hybrid-1,250,13.758,,,,1195,1484
Oobelib,hybrid-1,250,16.116,,,,1195,1484
Oobelib,hybrid-1,250,11.925,,,,1195,1484
Oobelib,hybrid-1,250,13.084,,,,1195,1484
Oobelib,hybrid-1,250,12.371,,,,1195,1484
Oobelib,hybrid-1,250,10.649,,,,1195,1484
Oobelib,hybrid-0,250,2.114,,,,1220,1519
Oobelib,hybrid-0,250,2.110,,,,1220,1519
Oobelib,hybrid-0,250,1.884,,,,1220,1519
Oobelib,hybrid-0,250,2.031,,,,1220,1519
Oobelib,hybrid-0,250,2.117,,,,1220,1519
Oobelib,hybrid-0,250,2.379,,,,1220,1519
Oobelib,hybrid-0,250,2.036,,,,1220,1519
Oobelib,hybrid-0,250,2.114,,,,1220,1519
Oobelib,hybrid-0,250,2.110,,,,1220,1519
Oobelib,hybrid-0,250,1.884,,,,1220,1519
PDApp,MINT-SYS,787,1207.927,,,,1301,1466
PDApp,MINT-SYS,787,1361.227,,,,1301,1466
PDApp,MINT-SYS,787,1252.126,,,,1301,1466
PDApp,MINT-SYS,787,1311.181,,,,1301,1466
PDApp,MINT-SYS,787,1192.753,,,,1301,1466
PDApp,MINT-SYS,787,1246.328,,,,1301,1466
PDApp,MINT-SYS,787,1306.005,,,,1301,1466
PDApp,MINT-SYS,787,1271.135,,,,1301,1466
PDApp,MINT-SYS,787,1229.773,,,,1301,1466
PDApp,MINT-SYS,787,1238.950,,,,1301,1466
PDApp,PRINS-w4,787,624.231,0.015,539.006,85.210,38607,42218
PDApp,PRINS-w4,787,699.808,0.016,600.245,99.547,38607,42218
PDApp,PRINS-w4,787,642.297,0.017,544.989,97.292,38607,42218
PDApp,PRINS-w4,787,662.642,0.015,555.733,106.893,38607,42218
PDApp,PRINS-w4,787,594.489,0.016,509.477,84.995,38607,42218
PDApp,PRINS-w4,787,651.810,0.015,553.470,98.325,38607,42218
PDApp,PRINS-w4,787,676.088,0.017,571.616,104.456,38607,42218
PDApp,PRINS-w4,787,644.645,0.016,547.783,96.846,38607,42218
PDApp,PRINS-w4,787,624.346,0.016,529.620,94.710,38607,42218
PDApp,PRINS-w4,787,651.998,0.016,557.560,94.423,38607,42218
PDApp,PRINS-w3,787,614.558,0.016,522.596,91.946,38607,42218
PDApp,PRINS-w3,787,726.583,0.018,585.601,140.965,38607,42218
PDApp,PRINS-w3,787,643.923,0.019,540.309,103.595,38607,42218
PDApp,PRINS-w3,787,698.551,0.018,591.620,106.913,38607,42218
PDApp,PRINS-w3,787,620.015,0.018,529.970,90.027,38607,42218
PDApp,PRINS-w3,787,647.274,0.018,544.269,102.987,38607,42218
PDApp,PRINS-w3,787,682.875,0.019,571.767,111.089,38607,42218
PDApp,PRINS-w3,787,680.003,0.018,575.112,104.873,38607,42218
PDApp,PRINS-w3,787,648.855,0.018,546.855,101.983,38607,42218
PDApp,PRINS-w3,787,669.126,0.018,565.587,103.521,38607,42218
PDApp,PRINS-w2,787,633.153,0.015,538.608,94.531,38607,42218
PDApp,PRINS-w2,787,718.973,0.018,595.037,123.918,38607,42218
PDApp,PRINS-w2,787,648.134,0.017,544.463,103.654,38607,42218
PDApp,PRINS-w2,787,689.821,0.016,581.253,108.552,38607,42218
PDApp,PRINS-w2,787,598.975,0.017,508.238,90.720,38607,42218
PDApp,PRINS-w2,787,648.685,0.017,547.394,101.274,38607,42218
PDApp,PRINS-w2,787,684.769,0.017,573.393,111.359,38607,42218
PDApp,PRINS-w2,787,656.865,0.017,552.912,103.937,38607,42218
PDApp,PRINS-w2,787,638.511,0.017,537.384,101.110,38607,42218
PDApp,PRINS-w2,787,650.053,0.017,548.356,101.679,38607,42218
PDApp,PRINS-w1,787,692.216,0.015,597.160,95.041,38607,42218
PDApp,PRINS-w1,787,772.730,0.018,646.317,126.395,38607,42218
PDApp,PRINS-w1,787,707.690,0.017,604.772,102.902,38607,42218
PDApp,PRINS-w1,787,792.477,0.016,677.445,115.016,38607,42218
PDApp,PRINS-w1,787,651.493,0.017,560.272,91.204,38607,42218
PDApp,PRINS-w1,787,683.611,0.015,581.808,101.788,38607,42218
PDApp,PRINS-w1,787,753.697,0.017,641.696,111.983,38607,42218
PDApp,PRINS-w1,787,726.113,0.017,620.919,105.177,38607,42218
PDApp,PRINS-w1,787,685.708,0.017,584.726,100.966,38607,42218
PDApp,PRINS-w1,787,696.329,0.016,595.077,101.236,38607,42218
PDApp,hybrid-0,787,2.030,,,,3552,3850
PDApp,hybrid-0,787,2.285,,,,3552,3850
PDApp,hybrid-0,787,1.984,,,,3552,3850
PDApp,hybrid-0,787,2.067,,,,3552,3850
PDApp,hybrid-0,787,1.858,,,,3552,3850
PDApp,hybrid-0,787,1.887,,,,3552,3850
PDApp,hybrid-0,787,2.092,,,,3552,3850
PDApp,hybrid-0,787,2.013,,,,3552,3850
PDApp,hybrid-0,787,1.919,,,,3552,3850
PDApp,hybrid-0,787,1.980,,,,3552,3850
PDApp,hybrid-1,787,12.861,,,,3523,3801
PDApp,hybrid-1,787,12.959,,,,3523,3801
PDApp,hybrid-1,787,13.309,,,,3523,3801
PDApp,hybrid-1,787,14.650,,,,3523,3801
PDApp,hybrid-1,787,12.409,,,,3523,3801
PDApp,hybrid-1,787,13.288,,,,3523,3801
PDApp,hybrid-1,787,14.287,,,,3523,3801
PDApp,hybrid-1,787,13.866,,,,3523,3801
PDApp,hybrid-1,787,12.840,,,,3523,3801
PDApp,hybrid-1,787,13.590,,,,3523,3801
PDApp,hybrid-2,787,12.680,,,,3522,3796
PDApp,hybrid-2,787,12.923,,,,3522,3796
PDApp,hybrid-2,787,13.820,,,,3522,3796
PDApp,hybrid-2,787,14.479,,,,3522,3796
PDApp,hybrid-2,787,12.456,,,,3522,3796
PDApp,hybrid-2,787,13.287,,,,3522,3796
PDApp,hybrid-2,787,14.439,,,,3522,3796
PDApp,hybrid-2,787,13.598,,,,3522,3796
PDApp,hybrid-2,787,12.725,,,,3522,3796
PDApp,hybrid-2,787,13.579,,,,3522,3796
PDApp,hybrid-3,787,12.696,,,,3521,3794
PDApp,hybrid-3,787,13.444,,,,3521,3794
PDApp,hybrid-3,787,13.850,,,,3521,3794
PDApp,hybrid-3,787,14.588,,,,3521,3794
PDApp,hybrid-3,787,12.485,,,,3521,3794
PDApp,hybrid-3,787,13.394,,,,3521,3794
PDApp,hybrid-3,787,14.409,,,,3521,3794
PDApp,hybrid-3,787,13.596,,,,3521,3794
PDApp,hybrid-3,787,12.824,,,,3521,3794
PDApp,hybrid-3,787,13.490,,,,3521,3794
PDApp,hybrid-4,787,12.846,,,,3521,3794
PDApp,hybrid-4,787,13.237,,,,3521,3794
PDApp,hybrid-4,787,13.792,,,,3521,3794
PDApp,hybrid-4,787,14.778,,,,3521,3794
PDApp,hybrid-4,787,12.511,,,,3521,3794
PDApp,hybrid-4,787,13.432,,,,3521,3794
PDApp,hybrid-4,787,14.493,,,,3521,3794
PDApp,hybrid-4,787,13.917,,,,3521,3794
PDApp,hybrid-4,787,12.843,,,,3521,3794
PDApp,hybrid-4,787,13.526,,,,3521,3794
PDApp,hybrid-5,787,12.814,,,,3521,3794
PDApp,hybrid-5,787,13.001,,,,3521,3794
PDApp,hybrid-5,787,13.826,,,,3521,3794
PDApp,hybrid-5,787,14.601,,,,3521,3794
PDApp,hybrid-5,787,12.503,,,,3521,3794
PDApp,hybrid-5,787,13.316,,,,3521,3794
PDApp,hybrid-5,787,14.433,,,,3521,3794
PDApp,hybrid-5,787,13.729,,,,3521,3794
PDApp,hybrid-5,787,13.365,,,,3521,3794
PDApp,hybrid-5,787,13.515,,,,3521,3794
PDApp,hybrid-6,787,13.312,,,,3521,3794
PDApp,hybrid-6,787,12.919,,,,3521,3794
PDApp,hybrid-6,787,13.806,,,,3521,3794
PDApp,hybrid-6,787,14.558,,,,3521,3794
PDApp,hybrid-6,787,12.528,,,,3521,3794
PDApp,hybrid-6,787,13.513,,,,3521,3794
PDApp,hybrid-6,787,14.474,,,,3521,3794
PDApp,hybrid-6,787,13.540,,,,3521,3794
PDApp,hybrid-6,787,13.361,,,,3521,3794
PDApp,hybrid-6,787,13.469,,,,3521,3794
PDApp,hybrid-7,787,12.900,,,,3521,3794
PDApp,hybrid-7,787,13.545,,,,3521,3794
PDApp,hybrid-7,787,13.776,,,,3521,3794
PDApp,hybrid-7,787,14.754,,,,3521,3794
PDApp,hybrid-7,787,12.494,,,,3521,3794
PDApp,hybrid-7,787,12.681,,,,3521,3794
PDApp,hybrid-7,787,14.443,,,,3521,3794
PDApp,hybrid-7,787,13.758,,,,3521,3794
PDApp,hybrid-7,787,13.381,,,,3521,3794
PDApp,hybrid-7,787,13.445,,,,3521,3794
PDApp,hybrid-8,787,13.143,,,,3521,3794
PDApp,hybrid-8,787,13.334,,,,3521,3794
PDApp,hybrid-8,787,13.743,,,,3521,3794
PDApp,hybrid-8,787,14.615,,,,3521,3794
PDApp,hybrid-8,787,12.639,,,,3521,3794
PDApp,hybrid-8,787,12.666,,,,3521,3794
PDApp,hybrid-8,787,14.411,,,,3521,3794
PDApp,hybrid-8,787,13.903,,,,3521,3794
PDApp,hybrid-8,787,13.405,,,,3521,3794
PDApp,hybrid-8,787,13.387,,,,3521,3794
PDApp,hybrid-9,787,12.834,,,,3521,3794
PDApp,hybrid-9,787,12.939,,,,3521,3794
PDApp,hybrid-9,787,13.735,,,,3521,3794
PDApp,hybrid-9,787,14.499,,,,3521,3794
PDApp,hybrid-9,787,12.487,,,,3521,3794
PDApp,hybrid-9,787,12.607,,,,3521,3794
PDApp,hybrid-9,787,14.460,,,,3521,3794
PDApp,hybrid-9,787,13.547,,,,3521,3794
PDApp,hybrid-9,787,13.335,,,,3521,3794
PDApp,hybrid-9,787,13.394,,,,3521,3794
PDApp,hybrid-10,787,12.892,,,,3521,3794
PDApp,hybrid-10,787,12.966,,,,3521,3794
PDApp,hybrid-10,787,13.700,,,,3521,3794
PDApp,hybrid-10,787,14.708,,,,3521,3794
PDApp,hybrid-10,787,12.511,,,,3521,3794
PDApp,hybrid-10,787,12.613,,,,3521,3794
PDApp,hybrid-10,787,14.388,,,,3521,3794
PDApp,hybrid-10,787,14.529,,,,3521,3794
PDApp,hybrid-10,787,13.469,,,,3521,3794
PDApp,hybrid-10,787,12.850,,,,3521,3794
Zookeeper,PRINS-w4,36,209.457,0.007,201.061,8.389,2673,3660
Zookeeper,PRINS-w4,36,191.818,0.007,183.598,8.213,2673,3660
Zookeeper,PRINS-w4,36,198.778,0.007,190.633,8.137,2673,3660
Zookeeper,PRINS-w4,36,197.523,0.008,189.408,8.108,2673,3660
Zookeeper,PRINS-w4,36,220.638,0.009,211.755,8.874,2673,3660
Zookeeper,PRINS-w4,36,263.082,0.009,253.601,9.472,2673,3660
Zookeeper,PRINS-w4,36,197.545,0.007,189.348,8.189,2673,3660
Zookeeper,PRINS-w4,36,215.112,0.008,206.302,8.802,2673,3660
Zookeeper,PRINS-w4,36,250.724,0.009,241.295,9.420,2673,3660
Zookeeper,PRINS-w4,36,200.339,0.007,192.136,8.197,2673,3660
Zookeeper,PRINS-w3,36,210.318,0.008,201.455,8.855,2673,3660
Zookeeper,PRINS-w3,36,207.470,0.008,199.068,8.395,2673,3660
Zookeeper,PRINS-w3,36,193.473,0.007,185.250,8.216,2673,3660
Zookeeper,PRINS-w3,36,196.501,0.007,188.157,8.337,2673,3660
Zookeeper,PRINS-w3,36,223.279,0.008,214.365,8.905,2673,3660
Zookeeper,PRINS-w3,36,271.154,0.009,261.539,9.606,2673,3660
Zookeeper,PRINS-w3,36,188.687,0.008,180.495,8.185,2673,3660
Zookeeper,PRINS-w3,36,215.035,0.008,206.461,8.565,2673,3660
Zookeeper,PRINS-w3,36,249.914,0.009,240.467,9.438,2673,3660
Zookeeper,PRINS-w3,36,196.558,0.007,188.434,8.117,2673,3660
Zookeeper,PRINS-w2,36,216.689,0.008,208.021,8.660,2673,3660
Zookeeper,PRINS-w2,36,205.331,0.008,196.999,8.324,2673,3660
Zookeeper,PRINS-w2,36,204.671,0.008,196.503,8.160,2673,3660
Zookeeper,PRINS-w2,36,198.407,0.008,190.236,8.164,2673,3660
Zookeeper,PRINS-w2,36,219.177,0.008,210.311,8.857,2673,3660
Zookeeper,PRINS-w2,36,264.289,0.010,254.789,9.490,2673,3660
Zookeeper,PRINS-w2,36,200.224,0.007,192.134,8.083,2673,3660
Zookeeper,PRINS-w2,36,211.341,0.008,202.457,8.876,2673,3660
Zookeeper,PRINS-w2,36,257.053,0.009,247.506,9.537,2673,3660
Zookeeper,PRINS-w2,36,192.017,0.007,183.824,8.186,2673,3660
Zookeeper,PRINS-w1,36,249.583,0.008,240.754,8.822,2673,3660
Zookeeper,PRINS-w1,36,241.981,0.008,233.269,8.704,2673,3660
Zookeeper,PRINS-w1,36,239.855,0.008,231.673,8.174,2673,3660
Zookeeper,PRINS-w1,36,239.445,0.007,231.288,8.149,2673,3660
Zookeeper,PRINS-w1,36,274.939,0.008,265.937,8.993,2673,3660
Zookeeper,PRINS-w1,36,323.749,0.010,314.182,9.558,2673,3660
Zookeeper,PRINS-w1,36,233.794,0.007,225.718,8.069,2673,3660
Zookeeper,PRINS-w1,36,263.300,0.008,254.232,9.060,2673,3660
Zookeeper,PRINS-w1,36,297.181,0.009,287.625,9.547,2673,3660
Zookeeper,PRINS-w1,36,233.913,0.007,225.790,8.116,2673,3660
Zookeeper,MINT-SYS,36,2008.411,,,,376,553
Zookeeper,MINT-SYS,36,1874.933,,,,376,553
Zookeeper,MINT-SYS,36,1879.420,,,,376,553
Zookeeper,MINT-SYS,36,1898.270,,,,376,553
Zookeeper,MINT-SYS,36,2120.411,,,,376,553
Zookeeper,MINT-SYS,36,2584.407,,,,376,553
Zookeeper,MINT-SYS,36,1770.908,,,,376,553
Zookeeper,MINT-SYS,36,2082.374,,,,376,553
Zookeeper,MINT-SYS,36,2264.953,,,,376,553
Zookeeper,MINT-SYS,36,1840.566,,,,376,553
Zookeeper,hybrid-9,36,2.073,,,,692,1564
Zookeeper,hybrid-9,36,2.161,,,,692,1564
Zookeeper,hybrid-9,36,1.981,,,,692,1564
Zookeeper,hybrid-9,36,2.001,,,,692,1564
Zookeeper,hybrid-9,36,2.132,,,,692,1564
Zookeeper,hybrid-9,36,2.606,,,,692,1564
Zookeeper,hybrid-9,36,2.042,,,,692,1564
Zookeeper,hybrid-9,36,2.055,,,,692,1564
Zookeeper,hybrid-9,36,2.271,,,,692,1564
Zookeeper,hybrid-9,36,2.000,,,,692,1564
Zookeeper,hybrid-8,36,2.045,,,,742,1667
Zookeeper,hybrid-8,36,2.192,,,,742,1667
Zookeeper,hybrid-8,36,1.998,,,,742,1667
Zookeeper,hybrid-8,36,2.022,,,,742,1667
Zookeeper,hybrid-8,36,2.162,,,,742,1667
Zookeeper,hybrid-8,36,2.526,,,,742,1667
Zookeeper,hybrid-8,36,2.030,,,,742,1667
Zookeeper,hybrid-8,36,2.048,,,,742,1667
Zookeeper,hybrid-8,36,2.307,,,,742,1667
Zookeeper,hybrid-8,36,2.015,,,,742,1667
Zookeeper,hybrid-7,36,2.066,,,,774,1775
Zookeeper,hybrid-7,36,2.177,,,,774,1775
Zookeeper,hybrid-7,36,2.001,,,,774,1775
Zookeeper,hybrid-7,36,2.027,,,,774,1775
Zookeeper,hybrid-7,36,2.184,,,,774,1775
Zookeeper,hybrid-7,36,2.517,,,,774,1775
Zookeeper,hybrid-7,36,2.001,,,,774,1775
Zookeeper,hybrid-7,36,2.043,,,,774,1775
Zookeeper,hybrid-7,36,2.536,,,,774,1775
Zookeeper,hybrid-7,36,2.040,,,,774,1775
Zookeeper,hybrid-6,36,2.118,,,,959,2508
Zookeeper,hybrid-6,36,2.244,,,,959,2508
Zookeeper,hybrid-6,36,2.002,,,,959,2508
Zookeeper,hybrid-6,36,2.079,,,,959,2508
Zookeeper,hybrid-6,36,2.236,,,,959,2508
Zookeeper,hybrid-6,36,2.609,,,,959,2508
Zookeeper,hybrid-6,36,2.103,,,,959,2508
Zookeeper,hybrid-6,36,2.109,,,,959,2508
Zookeeper,hybrid-6,36,2.509,,,,959,2508
Zookeeper,hybrid-6,36,2.045,,,,959,2508
Zookeeper,hybrid-5,36,2.070,,,,948,2417
Zookeeper,hybrid-5,36,2.230,,,,948,2417
Zookeeper,hybrid-5,36,1.994,,,,948,2417
Zookeeper,hybrid-5,36,2.026,,,,948,2417
Zookeeper,hybrid-5,36,2.203,,,,948,2417
Zookeeper,hybrid-5,36,2.544,,,,948,2417
Zookeeper,hybrid-5,36,2.049,,,,948,2417
Zookeeper,hybrid-5,36,2.030,,,,948,2417
Zookeeper,hybrid-5,36,2.574,,,,948,2417
Zookeeper,hybrid-5,36,1.983,,,,948,2417
Zookeeper,hybrid-4,36,2.037,,,,984,2518
Zookeeper,hybrid-4,36,2.160,,,,984,2518
Zookeeper,hybrid-4,36,2.013,,,,984,2518
Zookeeper,hybrid-4,36,2.047,,,,984,2518
Zookeeper,hybrid-4,36,2.177,,,,984,2518
Zookeeper,hybrid-4,36,2.599,,,,984,2518
Zookeeper,hybrid-4,36,2.052,,,,984,2518
Zookeeper,hybrid-4,36,2.068,,,,984,2518
Zookeeper,hybrid-4,36,2.589,,,,984,2518
Zookeeper,hybrid-4,36,2.010,,,,984,2518
Zookeeper,hybrid-3,36,2.154,,,,1209,3197
Zookeeper,hybrid-3,36,2.264,,,,1209,3197
Zookeeper,hybrid-3,36,2.073,,,,1209,3197
Zookeeper,hybrid-3,36,2.058,,,,1209,3197
Zookeeper,hybrid-3,36,2.270,,,,1209,3197
Zookeeper,hybrid-3,36,2.699,,,,1209,3197
Zookeeper,hybrid-3,36,2.105,,,,1209,3197
Zookeeper,hybrid-3,36,2.124,,,,1209,3197
Zookeeper,hybrid-3,36,2.683,,,,1209,3197
Zookeeper,hybrid-3,36,2.098,,,,1209,3197
Zookeeper,hybrid-2,36,2.413,,,,1906,5544
Zookeeper,hybrid-2,36,2.542,,,,1906,5544
Zookeeper,hybrid-2,36,2.317,,,,1906,5544
Zookeeper,hybrid-2,36,2.414,,,,1906,5544
Zookeeper,hybrid-2,36,2.576,,,,1906,5544
Zookeeper,hybrid-2,36,2.998,,,,1906,5544
Zookeeper,hybrid-2,36,2.370,,,,1906,5544
Zookeeper,hybrid-2,36,2.389,,,,1906,5544
Zookeeper,hybrid-2,36,2.927,,,,1906,5544
Zookeeper,hybrid-2,36,2.342,,,,1906,5544
Zookeeper,hybrid-10,36,2.119,,,,776,1967
Zookeeper,hybrid-10,36,2.213,,,,776,1967
Zookeeper,hybrid-10,36,2.040,,,,776,1967
Zookeeper,hybrid-10,36,2.059,,,,776,1967
Zookeeper,hybrid-10,36,2.234,,,,776,1967
Zookeeper,hybrid-10,36,2.613,,,,776,1967
Zookeeper,hybrid-10,36,2.084,,,,776,1967
Zookeeper,hybrid-10,36,2.104,,,,776,1967
Zookeeper,hybrid-10,36,2.355,,,,776,1967
Zookeeper,hybrid-10,36,2.084,,,,776,1967
Zookeeper,hybrid-1,36,3.170,,,,3184,10667
Zookeeper,hybrid-1,36,3.333,,,,3184,10667
Zookeeper,hybrid-1,36,3.004,,,,3184,10667
Zookeeper,hybrid-1,36,3.161,,,,3184,10667
Zookeeper,hybrid-1,36,3.382,,,,3184,10667
Zookeeper,hybrid-1,36,3.826,,,,3184,10667
Zookeeper,hybrid-1,36,3.072,,,,3184,10667
Zookeeper,hybrid-1,36,3.123,,,,3184,10667
Zookeeper,hybrid-1,36,3.830,,,,3184,10667
Zookeeper,hybrid-1,36,3.058,,,,3184,10667
Zookeeper,hybrid-0,36,5211.502,,,,310362,951344
Zookeeper,hybrid-0,36,5232.549,,,,310362,951344
Zookeeper,hybrid-0,36,4503.140,,,,310362,951344
Zookeeper,hybrid-0,36,5143.358,,,,310362,951344
Zookeeper,hybrid-0,36,5524.760,,,,310362,951344
Zookeeper,hybrid-0,36,6375.223,,,,310362,951344
Zookeeper,hybrid-0,36,5284.179,,,,310362,951344
Zookeeper,hybrid-0,36,5496.532,,,,310362,951344
Zookeeper,hybrid-0,36,6420.725,,,,310362,951344
Zookeeper,hybrid-0,36,4560.751,,,,310362,951344